Date,CPIAUCSL
1/1/1976,55.8
2/1/1976,55.9
3/1/1976,56
4/1/1976,56.1
5/1/1976,56.4
6/1/1976,56.7
7/1/1976,57
8/1/1976,57.3
9/1/1976,57.6
10/1/1976,57.9
11/1/1976,58.1
12/1/1976,58.4
1/1/1977,58.7
2/1/1977,59.3
3/1/1977,59.6
4/1/1977,60
5/1/1977,60.2
6/1/1977,60.5
7/1/1977,60.8
8/1/1977,61.1
9/1/1977,61.3
10/1/1977,61.6
11/1/1977,62
12/1/1977,62.3
1/1/1978,62.7
2/1/1978,63
3/1/1978,63.4
4/1/1978,63.9
5/1/1978,64.5
6/1/1978,65
7/1/1978,65.5
8/1/1978,65.9
9/1/1978,66.5
10/1/1978,67.1
11/1/1978,67.5
12/1/1978,67.9
1/1/1979,68.5
2/1/1979,69.2
3/1/1979,69.9
4/1/1979,70.6
5/1/1979,71.4
6/1/1979,72.2
7/1/1979,73
8/1/1979,73.7
9/1/1979,74.4
10/1/1979,75.2
11/1/1979,76
12/1/1979,76.9
1/1/1980,78
2/1/1980,79
3/1/1980,80.1
4/1/1980,80.9
5/1/1980,81.7
6/1/1980,82.5
7/1/1980,82.6
8/1/1980,83.2
9/1/1980,83.9
10/1/1980,84.7
11/1/1980,85.6
12/1/1980,86.4
1/1/1981,87.2
2/1/1981,88
3/1/1981,88.6
4/1/1981,89.1
5/1/1981,89.7
6/1/1981,90.5
7/1/1981,91.5
8/1/1981,92.2
9/1/1981,93.1
10/1/1981,93.4
11/1/1981,93.8
12/1/1981,94.1
1/1/1982,94.4
2/1/1982,94.7
3/1/1982,94.7
4/1/1982,95
5/1/1982,95.9
6/1/1982,97
7/1/1982,97.5
8/1/1982,97.7
9/1/1982,97.7
10/1/1982,98.1
11/1/1982,98
12/1/1982,97.7
1/1/1983,97.9
2/1/1983,98
3/1/1983,98.1
4/1/1983,98.8
5/1/1983,99.2
6/1/1983,99.4
7/1/1983,99.8
8/1/1983,100.1
9/1/1983,100.4
10/1/1983,100.8
11/1/1983,101.1
12/1/1983,101.4
1/1/1984,102.1
2/1/1984,102.6
3/1/1984,102.9
4/1/1984,103.3
5/1/1984,103.5
6/1/1984,103.7
7/1/1984,104.1
8/1/1984,104.4
9/1/1984,104.7
10/1/1984,105.1
11/1/1984,105.3
12/1/1984,105.5
1/1/1985,105.7
2/1/1985,106.3
3/1/1985,106.8
4/1/1985,107
5/1/1985,107.2
6/1/1985,107.5
7/1/1985,107.7
8/1/1985,107.9
9/1/1985,108.1
10/1/1985,108.5
11/1/1985,109
12/1/1985,109.5
1/1/1986,109.9
2/1/1986,109.7
3/1/1986,109.1
4/1/1986,108.7
5/1/1986,109
6/1/1986,109.4
7/1/1986,109.5
8/1/1986,109.6
9/1/1986,110
10/1/1986,110.2
11/1/1986,110.4
12/1/1986,110.8
1/1/1987,111.4
2/1/1987,111.8
3/1/1987,112.2
4/1/1987,112.7
5/1/1987,113
6/1/1987,113.5
7/1/1987,113.8
8/1/1987,114.3
9/1/1987,114.7
10/1/1987,115
11/1/1987,115.4
12/1/1987,115.6
1/1/1988,116
2/1/1988,116.2
3/1/1988,116.5
4/1/1988,117.2
5/1/1988,117.5
6/1/1988,118
7/1/1988,118.5
8/1/1988,119
9/1/1988,119.5
10/1/1988,119.9
11/1/1988,120.3
12/1/1988,120.7
1/1/1989,121.2
2/1/1989,121.6
3/1/1989,122.2
4/1/1989,123.1
5/1/1989,123.7
6/1/1989,124.1
7/1/1989,124.5
8/1/1989,124.5
9/1/1989,124.8
10/1/1989,125.4
11/1/1989,125.9
12/1/1989,126.3
1/1/1990,127.5
2/1/1990,128
3/1/1990,128.6
4/1/1990,128.9
5/1/1990,129.1
6/1/1990,129.9
7/1/1990,130.5
8/1/1990,131.6
9/1/1990,132.5
10/1/1990,133.4
11/1/1990,133.7
12/1/1990,134.2
1/1/1991,134.7
2/1/1991,134.8
3/1/1991,134.8
4/1/1991,135.1
5/1/1991,135.6
6/1/1991,136
7/1/1991,136.2
8/1/1991,136.6
9/1/1991,137
10/1/1991,137.2
11/1/1991,137.8
12/1/1991,138.2
1/1/1992,138.3
2/1/1992,138.6
3/1/1992,139.1
4/1/1992,139.4
5/1/1992,139.7
6/1/1992,140.1
7/1/1992,140.5
8/1/1992,140.8
9/1/1992,141.1
10/1/1992,141.7
11/1/1992,142.1
12/1/1992,142.3
1/1/1993,142.8
2/1/1993,143.1
3/1/1993,143.3
4/1/1993,143.8
5/1/1993,144.2
6/1/1993,144.3
7/1/1993,144.5
8/1/1993,144.8
9/1/1993,145
10/1/1993,145.6
11/1/1993,146
12/1/1993,146.3
1/1/1994,146.3
2/1/1994,146.7
3/1/1994,147.1
4/1/1994,147.2
5/1/1994,147.5
6/1/1994,147.9
7/1/1994,148.4
8/1/1994,149
9/1/1994,149.3
10/1/1994,149.4
11/1/1994,149.8
12/1/1994,150.1
1/1/1995,150.5
2/1/1995,150.9
3/1/1995,151.2
4/1/1995,151.8
5/1/1995,152.1
6/1/1995,152.4
7/1/1995,152.6
8/1/1995,152.9
9/1/1995,153.1
10/1/1995,153.5
11/1/1995,153.7
12/1/1995,153.9
1/1/1996,154.7
2/1/1996,155
3/1/1996,155.5
4/1/1996,156.1
5/1/1996,156.4
6/1/1996,156.7
7/1/1996,157
8/1/1996,157.2
9/1/1996,157.7
10/1/1996,158.2
11/1/1996,158.7
12/1/1996,159.1
1/1/1997,159.4
2/1/1997,159.7
3/1/1997,159.8
4/1/1997,159.9
5/1/1997,159.9
6/1/1997,160.2
7/1/1997,160.4
8/1/1997,160.8
9/1/1997,161.2
10/1/1997,161.5
11/1/1997,161.7
12/1/1997,161.8
1/1/1998,162
2/1/1998,162
3/1/1998,162
4/1/1998,162.2
5/1/1998,162.6
6/1/1998,162.8
7/1/1998,163.2
8/1/1998,163.4
9/1/1998,163.5
10/1/1998,163.9
11/1/1998,164.1
12/1/1998,164.4
1/1/1999,164.7
2/1/1999,164.7
3/1/1999,164.8
4/1/1999,165.9
5/1/1999,166
6/1/1999,166
7/1/1999,166.7
8/1/1999,167.1
9/1/1999,167.8
10/1/1999,168.1
11/1/1999,168.4
12/1/1999,168.8
1/1/2000,169.3
2/1/2000,170
3/1/2000,171
4/1/2000,170.9
5/1/2000,171.2
6/1/2000,172.2
7/1/2000,172.7
8/1/2000,172.7
9/1/2000,173.6
10/1/2000,173.9
11/1/2000,174.2
12/1/2000,174.6
1/1/2001,175.6
2/1/2001,176
3/1/2001,176.1
4/1/2001,176.4
5/1/2001,177.3
6/1/2001,177.7
7/1/2001,177.4
8/1/2001,177.4
9/1/2001,178.1
10/1/2001,177.6
11/1/2001,177.5
12/1/2001,177.4
1/1/2002,177.7
2/1/2002,178
3/1/2002,178.5
4/1/2002,179.3
5/1/2002,179.5
6/1/2002,179.6
7/1/2002,180
8/1/2002,180.5
9/1/2002,180.8
10/1/2002,181.2
11/1/2002,181.5
12/1/2002,181.8
1/1/2003,182.6
2/1/2003,183.6
3/1/2003,183.9
4/1/2003,183.2
5/1/2003,182.9
6/1/2003,183.1
7/1/2003,183.7
8/1/2003,184.5
9/1/2003,185.1
10/1/2003,184.9
11/1/2003,185
12/1/2003,185.5
1/1/2004,186.3
2/1/2004,186.7
3/1/2004,187.1
4/1/2004,187.4
5/1/2004,188.2
6/1/2004,188.9
7/1/2004,189.1
8/1/2004,189.2
9/1/2004,189.8
10/1/2004,190.8
11/1/2004,191.7
12/1/2004,191.7
1/1/2005,191.6
2/1/2005,192.4
3/1/2005,193.1
4/1/2005,193.7
5/1/2005,193.6
6/1/2005,193.7
7/1/2005,194.9
8/1/2005,196.1
9/1/2005,198.8
10/1/2005,199.1
11/1/2005,198.1
12/1/2005,198.1
1/1/2006,199.3
2/1/2006,199.4
3/1/2006,199.7
4/1/2006,200.7
5/1/2006,201.3
6/1/2006,201.8
7/1/2006,202.9
8/1/2006,203.8
9/1/2006,202.8
10/1/2006,201.9
11/1/2006,202
12/1/2006,203.1
1/1/2007,203.437
2/1/2007,204.226
3/1/2007,205.288
4/1/2007,205.904
5/1/2007,206.755
6/1/2007,207.234
7/1/2007,207.603
8/1/2007,207.667
9/1/2007,208.547
10/1/2007,209.19
11/1/2007,210.834
12/1/2007,211.445
1/1/2008,212.174
2/1/2008,212.687
3/1/2008,213.448
4/1/2008,213.942
5/1/2008,215.208
6/1/2008,217.463
7/1/2008,219.016
8/1/2008,218.69
9/1/2008,218.877
10/1/2008,216.995
11/1/2008,213.153
12/1/2008,211.398
1/1/2009,211.933
2/1/2009,212.705
3/1/2009,212.495
4/1/2009,212.709
5/1/2009,213.022
6/1/2009,214.79
7/1/2009,214.726
8/1/2009,215.445
9/1/2009,215.861
10/1/2009,216.509
11/1/2009,217.234
12/1/2009,217.347
1/1/2010,217.488
2/1/2010,217.281
3/1/2010,217.353
4/1/2010,217.403
5/1/2010,217.29
6/1/2010,217.199
7/1/2010,217.605
8/1/2010,217.923
9/1/2010,218.275
10/1/2010,219.035
11/1/2010,219.59
12/1/2010,220.472
1/1/2011,221.187
2/1/2011,221.898
3/1/2011,223.046
4/1/2011,224.093
5/1/2011,224.806
6/1/2011,224.806
7/1/2011,225.395
8/1/2011,226.106
9/1/2011,226.597
10/1/2011,226.75
11/1/2011,227.169
12/1/2011,227.223
1/1/2012,227.842
2/1/2012,228.329
3/1/2012,228.807
4/1/2012,229.187
5/1/2012,228.713
6/1/2012,228.524
7/1/2012,228.59
8/1/2012,229.918
9/1/2012,231.015
10/1/2012,231.638
11/1/2012,231.249
12/1/2012,231.221
1/1/2013,231.679
2/1/2013,232.937
3/1/2013,232.282
4/1/2013,231.797
5/1/2013,231.893
6/1/2013,232.445
7/1/2013,232.9
8/1/2013,233.456
9/1/2013,233.544
10/1/2013,233.669
11/1/2013,234.1
12/1/2013,234.719
1/1/2014,235.288
2/1/2014,235.547
3/1/2014,236.028
4/1/2014,236.468
5/1/2014,236.918
6/1/2014,237.231
7/1/2014,237.498
8/1/2014,237.46
9/1/2014,237.477
10/1/2014,237.43
11/1/2014,236.983
12/1/2014,236.252
1/1/2015,234.747
2/1/2015,235.342
3/1/2015,235.976
4/1/2015,236.222
5/1/2015,237.001
6/1/2015,237.657
7/1/2015,238.034
8/1/2015,238.033
9/1/2015,237.498
10/1/2015,237.733
11/1/2015,238.017
12/1/2015,237.761
1/1/2016,237.652
2/1/2016,237.336
3/1/2016,238.08
4/1/2016,238.992
5/1/2016,239.557
6/1/2016,240.222
7/1/2016,240.101
8/1/2016,240.545
9/1/2016,241.176
10/1/2016,241.741
11/1/2016,242.026
12/1/2016,242.637
1/1/2017,243.618
2/1/2017,244.006
3/1/2017,243.892
4/1/2017,244.193
5/1/2017,244.004
6/1/2017,244.163
7/1/2017,244.243
8/1/2017,245.183
9/1/2017,246.435
10/1/2017,246.626
11/1/2017,247.284
12/1/2017,247.805
1/1/2018,248.859
2/1/2018,249.529
3/1/2018,249.577
4/1/2018,250.227
5/1/2018,250.792
6/1/2018,251.018
7/1/2018,251.214
8/1/2018,251.663
9/1/2018,252.182
10/1/2018,252.772
11/1/2018,252.594
12/1/2018,252.767
1/1/2019,252.561
2/1/2019,253.319
3/1/2019,254.277
4/1/2019,255.233
5/1/2019,255.296
6/1/2019,255.213
7/1/2019,255.802
8/1/2019,256.036
9/1/2019,256.43
10/1/2019,257.155
11/1/2019,257.879
12/1/2019,258.63
1/1/2020,259.127
2/1/2020,259.25
3/1/2020,258.076
4/1/2020,256.032
5/1/2020,255.802
6/1/2020,257.042
7/1/2020,258.352
8/1/2020,259.316
9/1/2020,259.997
10/1/2020,260.319
11/1/2020,260.911
12/1/2020,262.045
1/1/2021,262.687
2/1/2021,263.579
3/1/2021,264.961
4/1/2021,266.614
5/1/2021,268.383
6/1/2021,270.654
7/1/2021,271.903
8/1/2021,272.676
9/1/2021,273.91
10/1/2021,276.55
11/1/2021,278.919
12/1/2021,280.845
1/1/2022,282.543
2/1/2022,284.5
3/1/2022,287.674
4/1/2022,288.561
5/1/2022,291.298
6/1/2022,294.957
7/1/2022,294.913
8/1/2022,295.097
9/1/2022,296.349
10/1/2022,298.007
11/1/2022,298.786
12/1/2022,298.832
1/1/2023,300.42
2/1/2023,301.45
3/1/2023,301.821
4/1/2023,302.845
5/1/2023,303.334
6/1/2023,304.014
7/1/2023,304.609
8/1/2023,306.082
9/1/2023,307.276
10/1/2023,307.696
11/1/2023,308.148
12/1/2023,308.741
1/1/2024,309.698
2/1/2024,310.967
3/1/2024,312.345
4/1/2024,313.023
5/1/2024,313.175
6/1/2024,313.044
7/1/2024,313.569
8/1/2024,314.062
9/1/2024,314.732
10/1/2024,315.631
11/1/2024,316.528
12/1/2024,317.604
1/1/2025,318.961
2/1/2025,319.679
3/1/2025,319.785
4/1/2025,320.302
5/1/2025,320.62
6/1/2025,321.435
7/1/2025,322.169
8/1/2025,323.291
9/1/2025,324.245
10/1/2025,
11/1/2025,325.063
12/1/2025,326.031
1/1/2026,326.588
2/1/2026,327.46
3/1/2026,330.293
4/1/2026,332.407
5/1/2026,333.979
6/1/2026,332.568
